,125960550,230565994,258781031,43768720,44072192,44783654,44783914,44784438,45833547,47568123
2024-03-01 05:00,0,0,0,0,0,0,0,0,0,0
2024-03-01 05:05,0,0,0,0,0,0,0,0,0,0
2024-03-01 05:10,0,0,1,3,0,0,0,0,0,0
2024-03-01 05:15,0,0,1,3,0,0,0,0,0,0
2024-03-01 05:20,0,0,2,9,0,0,0,0,0,0
2024-03-01 05:25,0,0,4,15,0,0,0,0,0,0
2024-03-01 05:30,0,0,6,24,0,0,0,0,0,0
2024-03-01 05:35,0,0,9,36,0,0,0,0,0,0
2024-03-01 05:40,0,0,11,42,0,0,0,0,0,0
2024-03-01 05:45,0,0,14,57,0,0,0,1,0,0
2024-03-01 05:50,0,0,17,73,0,0,0,1,0,0
2024-03-01 05:55,0,0,20,90,0,0,0,1,0,0
2024-03-01 06:00,0,0,24,121,0,0,1,1,0,0
2024-03-01 06:05,0,0,27,136,1,0,1,1,0,0
2024-03-01 06:10,0,0,29,162,2,0,1,2,0,0
2024-03-01 06:15,0,0,34,192,1,1,2,2,0,1
2024-03-01 06:20,0,0,37,219,2,1,2,2,0,1
2024-03-01 06:25,0,0,37,244,2,1,3,2,0,1
2024-03-01 06:30,0,0,38,271,2,1,5,2,0,1
2024-03-01 06:35,0,0,43,286,3,1,5,4,0,1
2024-03-01 06:40,0,0,47,315,2,1,5,4,0,1
2024-03-01 06:45,0,0,45,346,2,1,5,4,0,2
2024-03-01 06:50,0,0,52,369,3,1,5,5,0,1
2024-03-01 06:55,0,0,55,375,3,1,6,5,0,2
2024-03-01 07:00,0,0,57,395,3,1,6,5,0,2
2024-03-01 07:05,0,0,58,423,3,1,6,5,0,2
2024-03-01 07:10,0,0,59,433,3,1,6,5,0,3
2024-03-01 07:15,0,0,58,452,5,1,6,5,0,2
2024-03-01 07:20,0,0,58,444,5,1,7,5,0,3
2024-03-01 07:25,0,0,62,468,5,1,7,6,0,3
2024-03-01 07:30,0,0,64,477,5,1,6,6,0,3
2024-03-01 07:35,0,0,62,466,5,0,6,5,0,3
2024-03-01 07:40,0,0,60,506,5,1,7,5,0,3
2024-03-01 07:45,0,0,61,477,5,1,7,4,0,3
2024-03-01 07:50,0,0,57,497,5,1,7,4,0,3
2024-03-01 07:55,0,0,63,517,6,0,7,6,0,3
2024-03-01 08:00,0,0,59,513,6,1,6,6,0,3
2024-03-01 08:05,0,0,58,495,5,1,7,6,0,3
2024-03-01 08:10,0,0,63,482,5,1,7,6,0,2
2024-03-01 08:15,0,0,58,455,4,1,7,6,0,2
2024-03-01 08:20,0,0,59,474,4,1,6,6,0,2
2024-03-01 08:25,0,0,55,444,4,1,6,5,0,1
2024-03-01 08:30,0,0,54,430,5,1,5,5,0,1
2024-03-01 08:35,0,0,55,429,4,1,6,5,0,1
2024-03-01 08:40,0,0,53,392,4,1,5,5,0,1
2024-03-01 08:45,0,0,56,397,4,1,5,5,0,1
2024-03-01 08:50,0,0,51,352,4,1,5,5,0,1
2024-03-01 08:55,0,0,44,337,5,1,4,3,0,1
2024-03-01 09:00,0,0,43,307,6,1,6,3,0,1
2024-03-01 09:05,0,0,41,300,5,1,5,3,0,1
2024-03-01 09:10,0,0,36,279,5,1,7,3,0,1
2024-03-01 09:15,0,0,39,289,4,1,6,3,0,2
2024-03-01 09:20,0,0,36,250,4,1,7,3,0,1
2024-03-01 09:25,0,0,36,248,5,1,8,4,0,1
2024-03-01 09:30,0,0,36,236,4,1,9,4,0,1
2024-03-01 09:35,0,0,34,236,4,1,9,4,0,1
2024-03-01 09:40,0,0,34,213,3,1,11,4,0,1
2024-03-01 09:45,0,0,34,205,3,1,12,4,0,1
2024-03-01 09:50,0,0,35,202,4,1,12,4,0,1
2024-03-01 09:55,0,0,35,189,2,1,15,4,0,1
2024-03-01 10:00,0,0,35,185,2,1,15,4,0,1
2024-03-01 10:05,0,0,35,178,3,1,15,4,0,1
2024-03-01 10:10,0,0,36,187,3,1,16,4,0,1
2024-03-01 10:15,0,0,37,172,3,1,17,4,1,0
2024-03-01 10:20,0,0,38,175,3,2,17,4,1,1
2024-03-01 10:25,0,0,37,168,4,3,18,3,0,1
2024-03-01 10:30,0,0,36,160,4,3,19,3,0,2
2024-03-01 10:35,0,0,34,149,4,3,19,3,0,2
2024-03-01 10:40,0,0,35,147,4,3,19,3,0,2
2024-03-01 10:45,0,0,37,148,4,3,20,3,0,2
2024-03-01 10:50,0,0,34,159,4,3,21,3,0,2
2024-03-01 10:55,0,0,36,154,4,3,20,3,0,2
2024-03-01 11:00,0,0,39,150,4,3,19,2,0,3
2024-03-01 11:05,0,0,38,154,4,3,22,3,0,3
2024-03-01 11:10,0,0,41,154,4,3,22,3,0,3
2024-03-01 11:15,0,0,38,150,5,3,23,3,0,3
2024-03-01 11:20,0,0,39,150,5,3,23,2,0,3
2024-03-01 11:25,0,0,40,148,3,1,23,2,0,3
2024-03-01 11:30,0,0,41,156,3,2,21,3,0,2
2024-03-01 11:35,0,0,44,163,3,2,23,2,0,2
2024-03-01 11:40,0,0,43,169,3,3,23,2,0,2
2024-03-01 11:45,0,0,41,172,3,3,22,2,0,2
2024-03-01 11:50,0,0,45,164,3,3,23,2,0,2
2024-03-01 11:55,0,0,45,167,3,3,23,2,0,3
2024-03-01 12:00,0,0,44,174,3,3,24,2,0,2
2024-03-01 12:05,0,0,46,192,4,3,22,3,0,3
2024-03-01 12:10,0,0,45,188,4,3,24,3,0,2
2024-03-01 12:15,0,0,44,189,4,3,25,3,0,3
2024-03-01 12:20,0,0,41,194,4,3,25,3,0,3
2024-03-01 12:25,0,0,47,188,4,4,27,3,0,3
2024-03-01 12:30,0,0,47,193,4,5,28,2,0,3
2024-03-01 12:35,0,0,44,215,4,4,26,2,0,4
2024-03-01 12:40,0,0,49,214,4,3,26,2,0,4
2024-03-01 12:45,0,0,47,216,5,4,26,2,0,4
2024-03-01 12:50,0,0,48,216,5,3,23,2,0,4
2024-03-01 12:55,0,0,47,221,6,3,25,3,0,3
2024-03-01 13:00,0,0,48,219,5,4,25,3,0,3
2024-03-01 13:05,0,0,48,201,4,4,28,2,0,4
2024-03-01 13:10,0,0,48,203,4,5,27,2,0,4
2024-03-01 13:15,0,0,50,216,4,4,24,2,0,4
2024-03-01 13:20,0,0,52,219,5,4,27,2,0,4
2024-03-01 13:25,0,0,47,222,5,4,25,2,0,3
2024-03-01 13:30,0,0,50,213,5,3,26,2,0,3
2024-03-01 13:35,0,0,53,198,5,3,29,2,0,5
2024-03-01 13:40,0,0,47,195,5,3,28,2,0,4
2024-03-01 13:45,0,0,48,185,5,3,26,2,0,4
2024-03-01 13:50,0,0,47,183,4,4,29,2,0,4
2024-03-01 13:55,0,0,50,176,5,4,27,1,0,4
2024-03-01 14:00,0,0,49,170,5,3,29,1,0,5
2024-03-01 14:05,0,0,50,170,5,3,26,1,0,4
2024-03-01 14:10,0,0,49,173,5,3,24,1,0,5
2024-03-01 14:15,0,0,46,159,5,4,29,1,0,4
2024-03-01 14:20,0,0,49,155,4,4,27,2,0,4
2024-03-01 14:25,0,0,52,146,3,4,26,1,0,5
2024-03-01 14:30,0,0,53,150,4,4,25,2,0,5
2024-03-01 14:35,0,0,54,141,4,4,23,2,0,3
2024-03-01 14:40,0,0,53,137,4,5,25,2,0,4
2024-03-01 14:45,0,0,55,150,3,4,27,2,0,3
2024-03-01 14:50,0,0,53,154,5,5,25,2,0,3
2024-03-01 14:55,0,0,51,154,4,4,28,2,0,4
2024-03-01 15:00,0,0,49,162,4,4,27,2,0,4
2024-03-01 15:05,0,0,49,158,5,4,27,2,0,5
2024-03-01 15:10,0,0,49,156,4,3,28,2,0,6
2024-03-01 15:15,0,0,56,151,4,3,22,3,0,6
2024-03-01 15:20,0,0,52,148,4,3,20,2,0,6
2024-03-01 15:25,0,0,49,151,5,4,23,2,0,6
2024-03-01 15:30,0,0,46,148,4,3,25,2,0,6
2024-03-01 15:35,0,0,47,160,4,4,26,2,0,6
2024-03-01 15:40,0,0,54,161,4,3,26,2,0,6
2024-03-01 15:45,0,0,52,148,4,3,27,2,0,8
2024-03-01 15:50,0,0,51,145,3,4,29,2,0,8
2024-03-01 15:55,0,0,52,151,3,6,29,2,0,8
2024-03-01 16:00,0,0,53,153,4,8,27,2,0,8
2024-03-01 16:05,0,1,53,146,3,9,30,2,0,7
2024-03-01 16:10,0,1,59,150,3,9,31,2,0,5
2024-03-01 16:15,0,1,53,161,4,9,35,1,0,6
2024-03-01 16:20,0,1,53,158,5,8,35,2,0,8
2024-03-01 16:25,0,1,57,170,4,9,35,2,0,9
2024-03-01 16:30,0,2,63,173,5,9,31,2,0,10
2024-03-01 16:35,0,2,63,173,5,10,30,2,0,11
2024-03-01 16:40,0,2,59,168,6,10,30,2,0,12
2024-03-01 16:45,0,2,68,172,6,11,31,2,0,9
2024-03-01 16:50,0,2,76,174,6,9,32,2,0,10
2024-03-01 16:55,0,2,76,186,7,7,28,2,0,11
2024-03-01 17:00,0,2,75,190,7,6,31,1,0,10
2024-03-01 17:05,0,1,77,206,8,6,32,2,0,10
2024-03-01 17:10,0,1,71,196,8,6,36,2,0,11
2024-03-01 17:15,0,2,79,202,8,6,36,2,0,11
2024-03-01 17:20,0,2,84,225,8,6,38,2,0,10
2024-03-01 17:25,0,2,82,231,8,6,37,2,0,12
2024-03-01 17:30,0,1,81,226,9,7,40,2,0,13
2024-03-01 17:35,0,1,84,233,9,7,41,2,0,12
2024-03-01 17:40,0,1,90,239,8,7,41,2,0,11
2024-03-01 17:45,0,1,83,249,8,6,40,2,0,13
2024-03-01 17:50,0,1,74,265,8,6,41,2,0,11
2024-03-01 17:55,0,0,83,263,7,6,41,2,0,12
2024-03-01 18:00,0,1,85,273,8,6,38,2,0,12
2024-03-01 18:05,0,1,92,271,8,5,33,1,0,12
2024-03-01 18:10,0,1,99,277,8,6,31,2,0,11
2024-03-01 18:15,0,0,93,287,8,6,30,1,0,11
2024-03-01 18:20,0,0,87,279,7,6,27,1,0,12
2024-03-01 18:25,0,0,92,282,8,5,26,1,0,8
2024-03-01 18:30,0,1,95,282,7,4,24,1,0,6
2024-03-01 18:35,0,1,96,277,7,4,24,1,0,7
2024-03-01 18:40,0,1,95,291,7,4,23,1,0,8
2024-03-01 18:45,0,2,97,285,7,4,21,1,0,7
2024-03-01 18:50,0,2,105,271,8,4,17,1,0,8
2024-03-01 18:55,0,2,98,254,8,4,17,1,0,6
2024-03-01 19:00,0,1,100,247,7,3,19,1,0,7
2024-03-01 19:05,0,1,88,232,7,4,20,2,0,7
2024-03-01 19:10,0,1,87,239,7,3,18,2,0,7
2024-03-01 19:15,0,1,90,220,8,3,16,2,0,7
2024-03-01 19:20,0,1,95,218,8,2,16,2,0,7
2024-03-01 19:25,0,1,90,200,7,2,15,2,0,7
2024-03-01 19:30,0,1,88,197,10,2,16,2,0,8
2024-03-01 19:35,0,1,80,187,9,2,16,2,0,7
2024-03-01 19:40,0,1,74,172,8,2,15,2,0,6
2024-03-01 19:45,0,0,72,161,8,1,14,2,0,6
2024-03-01 19:50,0,0,73,156,7,1,15,2,0,6
2024-03-01 19:55,0,0,72,153,7,1,16,2,0,5
2024-03-01 20:00,0,0,68,140,6,1,14,1,0,5
2024-03-01 20:05,0,0,70,142,6,0,14,1,0,6
2024-03-01 20:10,0,0,64,131,6,0,13,0,0,5
2024-03-01 20:15,0,0,64,124,4,0,13,0,0,5
2024-03-01 20:20,0,0,60,114,4,0,13,0,0,4
2024-03-01 20:25,0,0,58,112,4,0,13,0,0,5
2024-03-01 20:30,0,0,53,108,2,0,11,0,0,4
2024-03-01 20:35,0,0,57,104,2,0,11,0,0,5
2024-03-01 20:40,0,0,57,96,2,0,11,0,0,4
2024-03-01 20:45,0,0,54,94,2,0,10,0,0,4
2024-03-01 20:50,0,0,47,89,2,0,9,0,0,4
2024-03-01 20:55,0,0,45,85,2,1,9,0,0,4
2024-03-01 21:00,0,0,44,81,3,1,8,0,0,3
2024-03-01 21:05,0,0,44,80,2,1,6,0,0,3
2024-03-01 21:10,0,0,42,73,2,1,6,0,0,2
2024-03-01 21:15,0,0,40,69,2,1,5,0,0,2
2024-03-01 21:20,0,0,40,60,2,1,5,0,0,3
2024-03-01 21:25,0,0,39,60,3,1,4,0,0,1
2024-03-01 21:30,0,0,38,61,3,1,5,0,0,2
2024-03-01 21:35,0,0,35,58,2,1,4,0,0,1
2024-03-01 21:40,0,0,33,56,2,1,4,0,0,1
2024-03-01 21:45,0,0,34,55,2,1,4,0,0,2
2024-03-01 21:50,0,0,32,52,2,1,4,0,0,2
2024-03-01 21:55,0,0,33,49,2,0,4,0,0,2
2024-03-01 22:00,0,0,32,49,1,0,4,0,0,4
2024-03-01 22:05,0,0,33,44,1,0,3,0,0,6
2024-03-01 22:10,0,0,37,45,1,0,3,0,0,5
2024-03-01 22:15,0,0,36,43,1,0,3,0,0,5
2024-03-01 22:20,0,0,38,44,2,0,2,0,0,7
2024-03-01 22:25,0,0,36,40,1,0,3,0,0,7
2024-03-01 22:30,0,0,33,39,2,0,2,0,0,8
2024-03-01 22:35,0,0,32,37,1,0,2,0,0,8
2024-03-01 22:40,0,0,34,37,1,0,2,0,0,8
2024-03-01 22:45,0,0,34,39,1,0,2,0,0,7
2024-03-01 22:50,0,0,36,38,1,0,2,0,0,7
2024-03-01 22:55,0,0,32,38,1,0,2,0,0,7
2024-03-01 23:00,0,0,32,36,1,0,2,0,0,5
2024-03-01 23:05,0,0,30,37,1,0,2,0,0,4
2024-03-01 23:10,0,0,24,36,1,0,1,0,0,5
2024-03-01 23:15,0,0,22,33,1,0,1,0,0,5
2024-03-01 23:20,0,0,17,33,0,0,1,0,0,2
2024-03-01 23:25,0,0,18,31,0,0,1,0,0,2
2024-03-01 23:30,0,0,18,26,0,0,0,0,0,1
2024-03-01 23:35,0,0,16,22,0,0,0,0,0,1
2024-03-01 23:40,0,0,14,21,0,0,0,0,0,1
2024-03-01 23:45,0,0,12,16,0,0,0,0,0,1
2024-03-01 23:50,0,0,9,15,0,0,0,0,0,1
2024-03-01 23:55,0,0,8,13,0,0,0,0,0,1
2024-03-02 00:00,0,0,6,10,0,0,0,0,0,1
2024-03-02 00:05,0,0,5,9,0,0,0,0,0,0
2024-03-02 00:10,0,0,5,6,0,0,0,0,0,0
2024-03-02 00:15,0,0,5,6,0,0,0,0,0,0
2024-03-02 00:20,0,0,5,3,0,0,0,0,0,0
2024-03-02 00:25,0,0,3,3,0,0,0,0,0,0
2024-03-02 00:30,0,0,3,3,0,0,0,0,0,0
2024-03-02 00:35,0,0,3,3,0,0,0,0,0,0
2024-03-02 00:40,0,0,1,1,0,0,0,0,0,0
2024-03-02 00:45,0,0,0,0,0,0,0,0,0,0
2024-03-02 00:50,0,0,0,0,0,0,0,0,0,0
2024-03-02 00:55,0,0,0,0,0,0,0,0,0,0
2024-03-02 05:00,0,0,0,0,0,0,0,0,0,0
2024-03-02 05:05,0,0,0,0,0,0,0,0,0,0
2024-03-02 05:10,0,0,0,0,0,0,0,0,0,0
2024-03-02 05:15,0,0,0,0,0,0,0,0,0,0
2024-03-02 05:20,0,0,0,2,0,0,0,0,0,0
2024-03-02 05:25,0,0,1,8,0,0,0,0,0,0
2024-03-02 05:30,0,0,2,9,0,0,0,0,0,0
2024-03-02 05:35,0,0,3,12,0,0,0,0,0,0
2024-03-02 05:40,0,0,4,17,0,0,0,0,0,0
2024-03-02 05:45,0,0,6,30,0,0,0,0,0,0
2024-03-02 05:50,0,0,8,32,0,0,0,0,0,0
2024-03-02 05:55,0,0,9,41,0,0,0,0,0,0
2024-03-02 06:00,0,0,10,51,0,0,0,0,0,0
2024-03-02 06:05,0,0,12,61,0,0,0,0,0,0
2024-03-02 06:10,0,0,16,74,0,0,0,0,0,0
2024-03-02 06:15,0,0,18,90,0,0,0,0,0,0
2024-03-02 06:20,0,0,22,96,0,0,0,0,0,0
2024-03-02 06:25,0,0,22,113,0,0,0,1,0,0
2024-03-02 06:30,0,0,24,133,0,0,1,1,0,0
2024-03-02 06:35,0,0,26,149,0,0,1,1,0,0
2024-03-02 06:40,0,0,28,158,0,0,1,1,0,0
2024-03-02 06:45,0,0,31,172,0,0,1,1,0,0
2024-03-02 06:50,0,0,30,185,0,0,1,1,0,0
2024-03-02 06:55,0,0,32,195,1,0,1,1,0,0
2024-03-02 07:00,0,0,33,200,1,0,1,1,0,1
2024-03-02 07:05,0,0,34,200,1,0,1,1,0,1
2024-03-02 07:10,0,0,33,210,1,0,1,2,0,1
2024-03-02 07:15,0,0,34,209,1,0,1,1,0,1
2024-03-02 07:20,0,0,32,226,1,0,1,2,0,1
2024-03-02 07:25,0,0,33,219,1,0,2,2,0,1
2024-03-02 07:30,0,0,34,217,1,0,3,2,0,1
2024-03-02 07:35,0,0,34,228,1,0,3,2,0,1
2024-03-02 07:40,0,0,34,229,2,0,3,2,0,1
2024-03-02 07:45,0,0,32,232,2,0,3,2,0,1
2024-03-02 07:50,0,0,31,230,2,0,3,2,0,1
2024-03-02 07:55,0,0,32,231,2,0,4,2,0,1
2024-03-02 08:00,0,0,34,232,2,0,4,2,0,1
2024-03-02 08:05,0,0,34,244,2,0,4,3,0,1
2024-03-02 08:10,0,0,33,233,2,0,4,3,0,1
2024-03-02 08:15,0,0,31,224,2,0,4,3,0,0
2024-03-02 08:20,0,0,32,216,2,0,4,3,0,0
2024-03-02 08:25,0,0,33,220,2,0,3,2,0,1
2024-03-02 08:30,0,0,29,212,2,0,3,2,0,1
2024-03-02 08:35,0,0,29,202,2,0,3,2,0,0
2024-03-02 08:40,0,0,29,202,2,1,3,2,0,0
2024-03-02 08:45,0,0,30,187,1,1,3,2,0,0
2024-03-02 08:50,0,0,29,184,1,0,2,2,0,0
2024-03-02 08:55,0,0,27,178,1,0,2,2,0,0
2024-03-02 09:00,0,0,26,167,1,1,3,2,0,0
2024-03-02 09:05,0,0,25,148,1,1,3,2,0,0
2024-03-02 09:10,0,0,25,144,1,0,3,2,0,0
2024-03-02 09:15,0,0,25,152,0,0,3,2,0,0
2024-03-02 09:20,0,0,26,142,1,0,4,2,0,0
2024-03-02 09:25,0,0,25,128,1,0,3,2,0,0
2024-03-02 09:30,0,0,26,119,1,0,3,2,0,0
2024-03-02 09:35,0,0,25,113,1,0,3,2,0,0
2024-03-02 09:40,0,0,22,106,1,0,4,2,0,0
2024-03-02 09:45,0,0,21,95,1,0,3,2,0,0
2024-03-02 09:50,0,0,23,94,1,0,3,1,0,0
2024-03-02 09:55,0,0,22,88,1,0,4,1,0,0
2024-03-02 10:00,0,0,19,85,1,0,3,1,0,0
2024-03-02 10:05,0,0,21,94,1,0,3,1,0,0
2024-03-02 10:10,0,0,21,94,1,0,3,1,0,0
2024-03-02 10:15,0,0,19,85,1,0,3,1,0,0
2024-03-02 10:20,0,0,20,82,1,0,3,1,0,0
2024-03-02 10:25,0,0,18,85,1,0,3,1,0,0
2024-03-02 10:30,0,0,17,93,1,0,3,1,0,0
2024-03-02 10:35,0,0,20,86,1,0,3,2,0,0
2024-03-02 10:40,0,0,21,82,2,0,3,1,0,0
2024-03-02 10:45,0,0,20,90,2,0,4,1,0,1
2024-03-02 10:50,0,0,19,92,1,0,4,1,0,1
2024-03-02 10:55,0,0,20,89,1,0,5,1,0,1
2024-03-02 11:00,0,0,23,92,1,0,6,2,0,1
2024-03-02 11:05,0,0,21,88,2,0,6,1,0,1
2024-03-02 11:10,0,0,20,92,3,0,6,2,0,1
2024-03-02 11:15,0,0,21,95,3,1,6,2,0,1
2024-03-02 11:20,0,0,22,98,3,1,6,1,0,1
2024-03-02 11:25,0,0,23,97,3,1,7,1,0,0
2024-03-02 11:30,0,0,24,95,3,1,7,1,0,0
2024-03-02 11:35,0,0,21,98,3,1,7,1,0,0
2024-03-02 11:40,0,0,21,101,2,1,7,1,0,0
2024-03-02 11:45,0,0,25,98,2,1,6,1,0,0
2024-03-02 11:50,0,0,26,95,3,2,6,1,0,1
2024-03-02 11:55,0,0,25,103,3,2,6,1,0,0
2024-03-02 12:00,0,0,25,105,3,2,7,1,0,0
2024-03-02 12:05,0,0,24,113,3,1,9,1,0,0
2024-03-02 12:10,0,0,27,114,2,1,10,1,0,0
2024-03-02 12:15,0,0,28,111,3,1,10,2,0,0
2024-03-02 12:20,0,0,28,113,3,1,10,2,0,1
2024-03-02 12:25,0,0,30,117,3,2,9,2,0,1
2024-03-02 12:30,0,0,35,120,3,2,10,2,0,1
2024-03-02 12:35,0,0,36,125,3,2,9,2,0,1
2024-03-02 12:40,0,0,36,129,3,3,10,2,0,2
2024-03-02 12:45,0,0,36,131,3,4,10,2,0,2
2024-03-02 12:50,0,0,36,136,3,4,10,2,0,1
2024-03-02 12:55,0,0,41,136,3,5,10,2,0,1
2024-03-02 13:00,0,0,41,139,3,5,9,2,0,1
2024-03-02 13:05,0,0,41,138,3,5,9,2,0,1
2024-03-02 13:10,0,0,39,139,3,5,9,1,0,2
2024-03-02 13:15,0,0,42,137,2,6,10,1,0,2
2024-03-02 13:20,0,0,41,150,3,6,10,1,0,1
2024-03-02 13:25,0,0,39,153,4,6,11,1,0,1
2024-03-02 13:30,0,0,38,160,4,5,12,1,0,1
2024-03-02 13:35,0,0,43,151,3,6,12,1,0,0
2024-03-02 13:40,0,0,47,149,3,5,12,0,0,0
2024-03-02 13:45,0,0,44,144,3,4,12,0,0,1
2024-03-02 13:50,0,0,46,151,3,4,11,0,0,1
2024-03-02 13:55,0,0,42,148,3,3,11,0,0,1
2024-03-02 14:00,0,0,42,148,3,3,11,0,0,1
2024-03-02 14:05,0,0,46,149,3,2,10,0,0,1
2024-03-02 14:10,0,0,46,142,3,3,10,0,0,1
2024-03-02 14:15,0,0,44,148,3,3,10,0,0,1
2024-03-02 14:20,0,0,40,137,2,3,10,0,0,1
2024-03-02 14:25,0,0,40,136,2,3,9,0,0,2
2024-03-02 14:30,0,0,45,128,1,3,8,0,0,1
2024-03-02 14:35,0,0,44,129,1,2,8,0,0,2
2024-03-02 14:40,0,0,40,135,1,2,8,0,0,2
2024-03-02 14:45,0,0,42,139,2,2,9,0,0,1
2024-03-02 14:50,0,0,39,127,2,2,9,0,0,1
2024-03-02 14:55,0,0,42,130,2,2,10,0,0,1
2024-03-02 15:00,0,0,39,122,2,1,8,0,0,2
2024-03-02 15:05,0,0,39,121,3,1,11,0,0,3
2024-03-02 15:10,0,0,41,122,3,1,10,0,0,3
2024-03-02 15:15,0,0,40,125,2,1,10,0,0,3
2024-03-02 15:20,0,0,43,123,2,1,10,0,0,3
2024-03-02 15:25,0,0,44,111,2,1,10,0,0,2
2024-03-02 15:30,0,0,37,110,2,1,10,0,0,3
2024-03-02 15:35,0,0,34,120,2,1,9,0,0,3
2024-03-02 15:40,0,0,32,120,2,1,9,0,0,3
2024-03-02 15:45,0,0,33,112,3,1,9,0,0,2
2024-03-02 15:50,0,0,37,116,3,1,9,0,0,3
2024-03-02 15:55,0,0,33,111,3,0,9,1,0,3
2024-03-02 16:00,0,0,36,119,1,1,9,1,0,3
2024-03-02 16:05,0,0,32,110,1,1,5,1,0,1
2024-03-02 16:10,0,0,31,107,1,0,5,1,0,2
2024-03-02 16:15,0,0,30,109,2,0,4,1,0,2
2024-03-02 16:20,0,0,32,108,2,0,6,1,0,2
2024-03-02 16:25,0,0,37,118,2,0,6,1,0,2
2024-03-02 16:30,0,0,36,117,2,0,6,1,0,2
2024-03-02 16:35,0,0,37,107,2,0,7,1,0,3
2024-03-02 16:40,0,0,40,104,2,0,6,1,0,4
2024-03-02 16:45,0,0,39,113,1,0,6,1,0,4
2024-03-02 16:50,0,0,37,112,1,0,6,1,0,3
2024-03-02 16:55,0,0,41,113,2,0,6,1,0,4
2024-03-02 17:00,0,0,38,110,2,0,7,1,0,4
2024-03-02 17:05,0,0,41,113,2,0,7,1,0,5
2024-03-02 17:10,0,0,42,117,3,0,7,1,0,4
2024-03-02 17:15,0,0,44,110,2,0,7,1,0,4
2024-03-02 17:20,0,0,40,115,2,0,5,1,0,4
2024-03-02 17:25,0,0,40,106,2,0,6,1,0,5
2024-03-02 17:30,0,0,42,106,2,1,6,1,0,6
2024-03-02 17:35,0,0,44,107,2,1,5,1,0,5
2024-03-02 17:40,0,0,42,110,2,1,6,1,0,5
2024-03-02 17:45,0,0,40,110,2,1,5,1,0,5
2024-03-02 17:50,0,0,41,103,2,1,6,1,0,5
2024-03-02 17:55,0,0,41,107,1,1,7,0,0,4
2024-03-02 18:00,0,0,42,108,2,1,6,0,0,4
2024-03-02 18:05,0,0,41,108,2,1,7,0,0,3
2024-03-02 18:10,0,1,39,117,1,1,7,0,0,3
2024-03-02 18:15,0,1,40,115,1,1,8,0,0,3
2024-03-02 18:20,0,1,41,106,2,1,9,0,0,4
2024-03-02 18:25,0,1,36,120,3,1,8,0,0,3
2024-03-02 18:30,0,1,37,121,3,1,9,0,0,3
2024-03-02 18:35,0,1,36,122,3,1,10,0,0,3
2024-03-02 18:40,0,0,37,113,3,0,9,0,0,2
2024-03-02 18:45,0,1,41,110,3,0,9,0,0,2
2024-03-02 18:50,0,1,38,111,3,1,11,0,0,2
2024-03-02 18:55,0,1,34,110,3,1,10,0,0,3
2024-03-02 19:00,0,0,34,104,3,1,10,0,0,3
2024-03-02 19:05,0,0,37,102,3,1,10,0,0,4
2024-03-02 19:10,0,0,37,88,3,1,10,0,0,4
2024-03-02 19:15,0,0,35,91,3,1,11,1,0,4
2024-03-02 19:20,0,0,39,92,2,1,9,1,0,4
2024-03-02 19:25,0,0,39,82,1,1,9,1,0,3
2024-03-02 19:30,0,0,37,78,1,1,8,1,0,4
2024-03-02 19:35,0,0,33,82,2,1,8,1,0,4
2024-03-02 19:40,0,0,33,83,3,1,8,1,0,5
2024-03-02 19:45,0,0,33,77,4,1,9,1,0,5
2024-03-02 19:50,0,0,33,79,4,1,7,0,0,5
2024-03-02 19:55,0,0,34,73,4,1,7,0,0,4
2024-03-02 20:00,0,0,37,75,4,1,7,0,0,5
2024-03-02 20:05,0,0,33,77,3,1,5,0,0,3
2024-03-02 20:10,0,0,36,77,3,0,6,0,0,3
2024-03-02 20:15,0,0,37,72,3,0,6,0,0,3
2024-03-02 20:20,0,0,35,71,4,0,6,0,0,3
2024-03-02 20:25,0,0,34,70,4,0,6,0,0,3
2024-03-02 20:30,0,0,31,70,4,0,6,0,0,3
2024-03-02 20:35,0,0,30,60,3,0,5,0,0,3
2024-03-02 20:40,0,0,30,60,1,0,5,0,0,2
2024-03-02 20:45,0,0,28,60,1,0,5,0,0,2
2024-03-02 20:50,0,0,29,54,1,0,4,0,0,2
2024-03-02 20:55,0,0,27,53,1,0,5,0,0,2
2024-03-02 21:00,0,0,24,51,1,0,4,0,0,2
2024-03-02 21:05,0,0,23,47,1,0,5,0,0,2
2024-03-02 21:10,0,0,22,44,1,0,5,0,0,3
2024-03-02 21:15,0,0,19,44,1,0,4,0,0,3
2024-03-02 21:20,0,0,18,40,0,0,4,0,0,3
2024-03-02 21:25,0,0,18,34,0,0,3,0,0,3
2024-03-02 21:30,0,0,19,33,0,0,3,0,0,2
2024-03-02 21:35,0,0,23,34,1,0,3,0,0,2
2024-03-02 21:40,0,0,22,31,1,0,3,0,0,2
2024-03-02 21:45,0,0,20,30,1,0,2,0,0,2
2024-03-02 21:50,0,0,20,29,1,0,3,0,0,2
2024-03-02 21:55,0,0,20,28,1,0,2,0,0,2
2024-03-02 22:00,0,0,21,26,1,0,2,0,0,1
2024-03-02 22:05,0,0,20,23,2,0,2,0,0,3
2024-03-02 22:10,0,0,16,24,2,0,1,0,0,4
2024-03-02 22:15,0,0,20,22,2,0,1,0,0,3
2024-03-02 22:20,0,0,23,23,2,0,2,0,0,3
2024-03-02 22:25,0,0,22,24,3,0,2,0,0,5
2024-03-02 22:30,0,0,23,24,3,0,2,0,0,6
2024-03-02 22:35,0,0,18,23,2,0,2,0,0,6
2024-03-02 22:40,0,0,18,23,2,0,1,0,0,6
2024-03-02 22:45,0,0,20,24,2,0,2,0,0,6
2024-03-02 22:50,0,0,21,24,2,0,1,0,0,7
2024-03-02 22:55,0,0,22,23,2,0,1,0,0,7
2024-03-02 23:00,0,0,22,25,1,0,1,0,0,7
2024-03-02 23:05,0,0,21,27,1,0,1,0,0,5
2024-03-02 23:10,0,0,21,24,1,0,1,0,0,3
2024-03-02 23:15,0,0,21,25,0,0,1,0,0,3
2024-03-02 23:20,0,0,17,26,0,0,1,0,0,3
2024-03-02 23:25,0,0,16,25,0,0,1,0,0,2
2024-03-02 23:30,0,0,14,22,0,0,0,0,0,0
2024-03-02 23:35,0,0,15,21,0,0,0,0,0,0
2024-03-02 23:40,0,0,13,17,0,0,0,0,0,0
2024-03-02 23:45,0,0,11,15,0,0,0,0,0,0
2024-03-02 23:50,0,0,8,13,0,0,0,0,0,0
2024-03-02 23:55,0,0,7,12,0,0,0,0,0,0
2024-03-03 00:00,0,0,5,9,0,0,0,0,0,0
2024-03-03 00:05,0,0,5,8,0,0,0,0,0,0
2024-03-03 00:10,0,0,5,7,0,0,0,0,0,0
2024-03-03 00:15,0,0,2,5,0,0,0,0,0,0
2024-03-03 00:20,0,0,1,3,0,0,0,0,0,0
2024-03-03 00:25,0,0,1,2,0,0,0,0,0,0
2024-03-03 00:30,0,0,1,2,0,0,0,0,0,0
2024-03-03 00:35,0,0,1,1,0,0,0,0,0,0
2024-03-03 00:40,0,0,0,1,0,0,0,0,0,0
2024-03-03 00:45,0,0,0,1,0,0,0,0,0,0
2024-03-03 00:50,0,0,0,1,0,0,0,0,0,0
2024-03-03 00:55,0,0,0,0,0,0,0,0,0,0
2024-03-03 05:00,0,0,0,0,0,0,0,0,0,0
2024-03-03 05:05,0,0,0,0,0,0,0,0,0,0
2024-03-03 05:10,0,0,0,0,0,0,0,0,0,0
2024-03-03 05:15,0,0,0,0,0,0,0,0,0,0
2024-03-03 05:20,0,0,0,0,0,0,0,0,0,0
2024-03-03 05:25,0,0,0,0,0,0,0,0,0,0
2024-03-03 05:30,0,0,0,3,0,0,0,0,0,0
2024-03-03 05:35,0,0,0,5,0,0,0,0,0,0
2024-03-03 05:40,0,0,1,6,0,0,0,0,0,0
2024-03-03 05:45,0,0,1,9,0,0,0,0,0,0
2024-03-03 05:50,0,0,2,10,0,0,0,0,0,0
2024-03-03 05:55,0,0,2,13,0,0,0,0,0,0
2024-03-03 06:00,0,0,3,21,0,0,0,0,0,0
2024-03-03 06:05,0,0,4,22,0,0,0,0,0,0
2024-03-03 06:10,0,0,6,26,0,0,0,0,0,0
2024-03-03 06:15,0,0,8,42,0,0,0,0,0,0
2024-03-03 06:20,0,0,10,47,0,0,0,0,0,0
2024-03-03 06:25,0,0,12,57,0,0,0,0,0,0
2024-03-03 06:30,0,0,13,61,0,0,0,0,0,0
2024-03-03 06:35,0,0,14,68,0,0,1,0,0,0
2024-03-03 06:40,0,0,14,80,0,0,1,0,0,0
2024-03-03 06:45,0,0,14,81,0,0,1,0,0,0
2024-03-03 06:50,0,0,17,95,0,0,1,1,0,0
2024-03-03 06:55,0,0,19,96,0,0,1,1,0,0
2024-03-03 07:00,0,0,20,96,0,0,1,1,0,0
2024-03-03 07:05,0,0,19,108,1,0,1,1,0,0
2024-03-03 07:10,0,0,18,107,1,0,1,1,0,0
2024-03-03 07:15,0,0,17,100,1,0,1,1,0,1
2024-03-03 07:20,0,0,15,99,2,0,2,1,0,0
2024-03-03 07:25,0,0,18,94,2,0,2,1,0,1
2024-03-03 07:30,0,0,20,97,2,0,2,0,0,1
2024-03-03 07:35,0,0,18,95,2,0,2,0,0,1
2024-03-03 07:40,0,0,20,91,3,0,3,0,0,1
2024-03-03 07:45,0,0,21,91,3,0,3,0,0,1
2024-03-03 07:50,0,0,17,78,2,0,3,0,0,1
2024-03-03 07:55,0,0,17,86,2,0,2,1,0,1
2024-03-03 08:00,0,0,18,79,2,0,2,0,0,1
2024-03-03 08:05,0,0,18,72,2,0,2,0,0,1
2024-03-03 08:10,0,0,20,76,2,0,2,0,0,1
2024-03-03 08:15,0,0,21,68,2,0,1,1,0,1
2024-03-03 08:20,0,0,22,73,1,0,1,1,0,0
2024-03-03 08:25,0,0,17,74,1,0,1,1,0,0
2024-03-03 08:30,0,0,14,66,1,0,1,0,0,0
2024-03-03 08:35,0,0,17,60,2,0,0,0,0,0
2024-03-03 08:40,0,0,15,60,1,0,0,1,0,0
2024-03-03 08:45,0,0,17,62,1,0,0,1,0,0
2024-03-03 08:50,0,0,21,60,0,0,0,1,0,0
2024-03-03 08:55,0,0,19,56,1,0,0,1,0,0
2024-03-03 09:00,0,0,18,56,1,0,0,1,0,0
2024-03-03 09:05,0,0,17,50,1,0,0,1,0,0
2024-03-03 09:10,0,0,17,47,0,0,1,1,0,0
2024-03-03 09:15,0,0,15,48,0,0,1,0,0,0
2024-03-03 09:20,0,0,14,43,1,0,1,0,0,0
2024-03-03 09:25,0,0,15,42,1,0,1,0,0,0
2024-03-03 09:30,0,0,17,41,0,0,1,0,0,0
2024-03-03 09:35,0,0,17,46,0,0,1,1,0,0
2024-03-03 09:40,0,0,16,38,0,0,1,0,0,0
2024-03-03 09:45,0,0,15,38,0,0,1,1,0,0
2024-03-03 09:50,0,0,12,39,0,0,1,0,0,0
2024-03-03 09:55,0,0,11,35,0,0,1,0,0,0
2024-03-03 10:00,0,0,11,40,0,0,1,1,0,0
2024-03-03 10:05,0,0,12,40,0,0,1,1,0,0
2024-03-03 10:10,0,0,11,41,0,0,0,1,0,0
2024-03-03 10:15,0,0,11,45,0,0,0,1,0,0
2024-03-03 10:20,0,0,12,46,0,0,0,0,0,0
2024-03-03 10:25,0,0,11,48,0,0,0,0,0,0
2024-03-03 10:30,0,0,10,48,0,0,0,0,0,0
2024-03-03 10:35,0,0,9,47,0,0,0,0,0,0
2024-03-03 10:40,0,0,9,49,0,0,0,0,0,0
2024-03-03 10:45,0,0,8,49,0,0,1,0,0,0
2024-03-03 10:50,0,0,10,50,0,0,2,0,0,0
2024-03-03 10:55,0,0,10,54,0,0,2,0,0,0
2024-03-03 11:00,0,0,10,51,0,0,2,0,0,0
2024-03-03 11:05,0,0,9,60,0,0,2,0,0,0
2024-03-03 11:10,0,0,11,55,0,0,2,0,0,0
2024-03-03 11:15,0,0,11,54,0,0,2,0,0,0
2024-03-03 11:20,0,0,12,53,0,0,2,0,0,0
2024-03-03 11:25,0,0,11,53,0,0,2,0,0,0
2024-03-03 11:30,0,0,12,56,0,0,2,0,0,0
2024-03-03 11:35,0,0,12,58,0,0,2,0,0,0
2024-03-03 11:40,0,0,12,63,0,0,2,0,0,0
2024-03-03 11:45,0,0,12,65,0,0,2,0,0,0
2024-03-03 11:50,0,0,11,63,0,0,1,0,0,0
2024-03-03 11:55,0,0,12,64,0,0,2,0,0,0
2024-03-03 12:00,0,0,13,65,0,0,2,0,0,0
2024-03-03 12:05,0,0,14,58,0,0,3,0,0,0
2024-03-03 12:10,0,0,13,60,0,0,3,0,0,0
2024-03-03 12:15,0,0,15,59,0,0,3,0,0,0
2024-03-03 12:20,0,0,16,60,0,0,3,0,0,0
2024-03-03 12:25,0,0,16,57,0,0,2,0,0,0
2024-03-03 12:30,0,0,14,54,0,1,3,0,0,0
2024-03-03 12:35,0,0,15,51,0,1,3,0,0,0
2024-03-03 12:40,0,0,15,47,0,1,3,0,0,0
2024-03-03 12:45,0,0,16,43,0,1,3,0,0,0
2024-03-03 12:50,0,0,18,45,0,1,3,0,0,0
2024-03-03 12:55,0,0,19,41,0,1,3,0,0,0
2024-03-03 13:00,0,0,17,40,0,1,2,0,0,0
2024-03-03 13:05,0,0,16,42,0,1,2,0,0,0
2024-03-03 13:10,0,0,17,45,0,1,2,0,0,0
2024-03-03 13:15,0,0,15,40,0,1,3,0,0,0
2024-03-03 13:20,0,0,13,38,0,1,3,0,0,0
2024-03-03 13:25,0,0,13,41,0,1,3,0,0,0
2024-03-03 13:30,0,0,14,41,1,0,2,0,0,0
2024-03-03 13:35,0,0,14,43,1,1,2,0,0,0
2024-03-03 13:40,0,0,15,42,0,1,2,0,0,0
2024-03-03 13:45,0,0,15,42,0,0,3,0,0,0
2024-03-03 13:50,0,0,13,40,0,0,3,0,0,0
2024-03-03 13:55,0,0,11,42,0,0,4,0,0,0
2024-03-03 14:00,0,0,12,44,0,0,4,0,0,0
2024-03-03 14:05,0,0,14,45,0,0,4,0,0,0
2024-03-03 14:10,0,0,14,41,1,0,4,0,0,0
2024-03-03 14:15,0,0,15,45,1,0,4,0,0,0
2024-03-03 14:20,0,0,16,45,1,0,4,0,0,0
2024-03-03 14:25,0,0,16,44,0,0,4,0,0,0
2024-03-03 14:30,0,0,16,43,0,0,4,0,0,0
2024-03-03 14:35,0,0,15,40,0,0,4,0,0,0
2024-03-03 14:40,0,0,14,39,0,0,5,0,0,0
2024-03-03 14:45,0,0,13,39,0,0,4,0,0,0
2024-03-03 14:50,0,0,15,41,0,0,5,0,0,0
2024-03-03 14:55,0,0,17,39,0,0,5,0,0,0
2024-03-03 15:00,0,0,15,37,0,0,5,0,0,0
2024-03-03 15:05,0,0,14,36,0,0,5,0,0,0
2024-03-03 15:10,0,0,15,37,0,0,5,0,0,0
2024-03-03 15:15,0,0,17,37,0,0,4,0,0,0
2024-03-03 15:20,0,0,15,36,0,0,4,0,0,0
2024-03-03 15:25,0,0,15,34,0,0,4,0,0,0
2024-03-03 15:30,0,0,14,36,0,0,5,0,0,1
2024-03-03 15:35,0,0,14,38,0,0,5,0,0,1
2024-03-03 15:40,0,0,15,40,0,0,5,0,0,1
2024-03-03 15:45,0,0,16,39,0,0,5,0,0,1
2024-03-03 15:50,0,0,16,40,0,0,3,0,0,0
2024-03-03 15:55,0,0,16,37,0,0,5,0,0,0
2024-03-03 16:00,0,0,17,37,0,0,4,0,0,0
2024-03-03 16:05,0,1,17,37,0,0,4,0,0,0
2024-03-03 16:10,0,1,13,36,1,0,3,0,0,1
2024-03-03 16:15,0,1,15,37,1,0,4,0,0,1
2024-03-03 16:20,0,0,16,37,1,0,5,0,0,1
2024-03-03 16:25,0,0,16,37,0,0,5,0,0,1
2024-03-03 16:30,0,0,16,34,0,0,4,0,0,1
2024-03-03 16:35,0,1,18,35,0,0,5,0,0,1
2024-03-03 16:40,0,1,20,33,0,0,4,0,0,1
2024-03-03 16:45,0,1,19,35,1,0,4,1,0,1
2024-03-03 16:50,0,1,18,31,2,0,5,1,0,2
2024-03-03 16:55,0,1,18,32,2,0,4,1,0,2
2024-03-03 17:00,0,1,17,35,2,0,4,1,0,2
2024-03-03 17:05,0,0,20,33,1,0,4,1,0,2
2024-03-03 17:10,0,0,21,33,1,0,5,1,0,1
2024-03-03 17:15,0,0,18,34,1,0,4,1,0,1
2024-03-03 17:20,0,0,19,37,1,0,4,1,0,1
2024-03-03 17:25,0,0,19,36,1,0,3,1,0,1
2024-03-03 17:30,0,0,23,37,1,0,4,1,0,1
2024-03-03 17:35,0,0,23,37,1,0,4,1,0,1
2024-03-03 17:40,0,0,21,37,1,0,4,1,0,1
2024-03-03 17:45,0,0,21,39,2,0,4,1,0,1
2024-03-03 17:50,0,0,19,46,1,0,4,1,0,1
2024-03-03 17:55,0,0,20,48,1,0,5,1,0,1
2024-03-03 18:00,0,0,21,47,1,0,6,2,0,1
2024-03-03 18:05,0,0,20,52,1,0,5,1,0,1
2024-03-03 18:10,0,0,23,53,0,0,7,2,0,1
2024-03-03 18:15,0,0,22,57,0,0,7,2,0,1
2024-03-03 18:20,0,0,23,55,1,0,9,4,0,1
2024-03-03 18:25,0,0,24,56,1,0,10,5,0,2
2024-03-03 18:30,0,0,21,60,1,0,9,5,0,2
2024-03-03 18:35,0,0,19,69,1,0,9,5,0,2
2024-03-03 18:40,0,0,22,72,1,0,9,6,0,2
2024-03-03 18:45,0,0,22,77,0,1,9,6,0,1
2024-03-03 18:50,0,0,23,74,0,1,8,6,0,1
2024-03-03 18:55,0,0,26,71,0,0,8,7,0,1
2024-03-03 19:00,0,0,27,68,0,0,8,6,0,1
2024-03-03 19:05,0,0,25,73,0,0,10,7,0,1
2024-03-03 19:10,0,0,23,74,0,2,9,7,0,1
2024-03-03 19:15,0,0,22,69,0,2,9,6,0,1
2024-03-03 19:20,0,1,22,72,0,2,7,5,0,1
2024-03-03 19:25,0,1,22,71,0,2,7,4,0,0
2024-03-03 19:30,0,1,25,67,0,2,7,5,0,0
2024-03-03 19:35,0,1,25,59,1,2,8,5,0,1
2024-03-03 19:40,0,1,24,56,1,2,9,5,0,1
2024-03-03 19:45,0,1,27,48,1,2,9,4,0,1
2024-03-03 19:50,0,0,25,52,1,2,9,4,0,1
2024-03-03 19:55,0,0,23,54,1,2,8,3,0,1
2024-03-03 20:00,0,0,20,62,1,2,8,3,0,1
2024-03-03 20:05,0,0,20,53,1,2,6,3,0,1
2024-03-03 20:10,0,0,21,49,1,1,6,3,0,2
2024-03-03 20:15,0,0,24,48,1,1,6,2,0,4
2024-03-03 20:20,0,0,23,45,1,1,6,2,0,7
2024-03-03 20:25,0,0,24,46,1,0,6,2,0,7
2024-03-03 20:30,0,0,22,46,1,0,5,1,0,7
2024-03-03 20:35,0,0,22,47,0,0,4,1,0,6
2024-03-03 20:40,0,0,21,46,0,0,4,1,0,6
2024-03-03 20:45,0,0,20,49,1,0,3,1,0,6
2024-03-03 20:50,0,0,21,42,0,0,4,1,0,5
2024-03-03 20:55,0,0,23,40,0,0,4,1,0,5
2024-03-03 21:00,0,0,22,36,0,0,3,0,0,6
2024-03-03 21:05,0,0,22,37,0,0,3,0,0,6
2024-03-03 21:10,0,0,19,38,0,0,4,0,0,6
2024-03-03 21:15,0,0,19,37,0,0,3,0,0,5
2024-03-03 21:20,0,0,23,37,0,0,3,0,0,2
2024-03-03 21:25,0,0,23,35,0,0,3,0,0,2
2024-03-03 21:30,0,0,21,35,0,0,3,0,0,2
2024-03-03 21:35,0,0,21,30,0,0,3,0,0,2
2024-03-03 21:40,0,0,23,32,0,0,3,0,0,3
2024-03-03 21:45,0,0,20,28,0,0,3,0,0,3
2024-03-03 21:50,0,0,20,28,0,0,2,0,0,3
2024-03-03 21:55,0,0,17,26,0,0,3,0,0,3
2024-03-03 22:00,0,0,18,23,0,0,2,0,0,2
2024-03-03 22:05,0,0,21,21,0,0,2,0,0,3
2024-03-03 22:10,0,0,23,21,0,0,2,0,0,2
2024-03-03 22:15,0,0,22,20,0,0,2,0,0,2
2024-03-03 22:20,0,0,16,20,0,0,2,0,0,1
2024-03-03 22:25,0,0,16,18,0,0,2,0,0,1
2024-03-03 22:30,0,0,18,17,0,0,1,0,0,1
2024-03-03 22:35,0,0,17,17,0,0,1,0,0,1
2024-03-03 22:40,0,0,14,14,0,0,1,0,0,0
2024-03-03 22:45,0,0,14,13,0,0,1,0,0,0
2024-03-03 22:50,0,0,14,13,0,0,1,0,0,0
2024-03-03 22:55,0,0,14,12,0,0,0,0,0,1
2024-03-03 23:00,0,0,13,11,0,0,0,0,0,0
2024-03-03 23:05,0,0,10,11,0,0,0,0,0,0
2024-03-03 23:10,0,0,8,10,0,0,0,0,0,0
2024-03-03 23:15,0,0,8,9,0,0,0,0,0,0
2024-03-03 23:20,0,0,8,9,0,0,0,0,0,0
2024-03-03 23:25,0,0,6,8,0,0,0,0,0,0
2024-03-03 23:30,0,0,4,8,0,0,0,0,0,0
2024-03-03 23:35,0,0,5,7,0,0,0,0,0,0
2024-03-03 23:40,0,0,5,7,0,0,0,0,0,0
2024-03-03 23:45,0,0,4,5,0,0,0,0,0,0
2024-03-03 23:50,0,0,3,4,0,0,0,0,0,0
2024-03-03 23:55,0,0,3,5,0,0,0,0,0,0
2024-03-04 00:00,0,0,3,3,0,0,0,0,0,0
2024-03-04 00:05,0,0,3,3,0,0,0,0,0,0
2024-03-04 00:10,0,0,3,2,0,0,0,0,0,0
2024-03-04 00:15,0,0,2,2,0,0,0,0,0,0
2024-03-04 00:20,0,0,1,1,0,0,0,0,0,0
2024-03-04 00:25,0,0,0,1,0,0,0,0,0,0
2024-03-04 00:30,0,0,0,0,0,0,0,0,0,0
2024-03-04 00:35,0,0,0,0,0,0,0,0,0,0
2024-03-04 00:40,0,0,0,0,0,0,0,0,0,0
2024-03-04 00:45,0,0,0,0,0,0,0,0,0,0
2024-03-04 00:50,0,0,0,0,0,0,0,0,0,0
2024-03-04 00:55,0,0,0,0,0,0,0,0,0,0
2024-03-04 05:00,0,0,0,0,0,0,0,0,0,0
2024-03-04 05:05,0,0,1,0,0,0,0,0,0,0
2024-03-04 05:10,0,0,1,1,0,0,0,0,0,0
2024-03-04 05:15,0,0,1,2,0,0,0,0,0,0
2024-03-04 05:20,0,0,2,8,0,0,0,0,0,0
2024-03-04 05:25,0,0,5,16,0,0,0,0,0,0
2024-03-04 05:30,0,0,5,22,0,0,0,0,0,0
2024-03-04 05:35,0,0,9,31,0,0,0,0,0,0
2024-03-04 05:40,0,0,11,38,0,0,0,0,0,0
2024-03-04 05:45,0,0,13,53,0,0,0,0,0,0
2024-03-04 05:50,0,0,15,67,0,0,0,0,0,0
2024-03-04 05:55,0,0,19,92,0,0,0,0,0,0
2024-03-04 06:00,0,0,23,104,0,0,0,0,0,0
2024-03-04 06:05,0,0,26,127,0,0,0,1,0,0
2024-03-04 06:10,0,0,28,149,0,0,0,1,0,0
2024-03-04 06:15,0,0,32,180,0,0,1,1,0,1
2024-03-04 06:20,0,0,36,206,1,0,1,1,0,1
2024-03-04 06:25,0,0,36,224,1,0,1,1,0,1
2024-03-04 06:30,0,0,40,256,1,0,2,1,0,1
2024-03-04 06:35,0,0,39,282,1,0,2,1,0,1
2024-03-04 06:40,0,0,41,322,1,0,2,2,0,1
2024-03-04 06:45,0,0,41,326,1,0,3,2,0,1
2024-03-04 06:50,0,0,46,349,2,0,4,3,0,1
2024-03-04 06:55,0,0,48,360,2,0,4,3,0,1
2024-03-04 07:00,0,0,47,363,3,0,4,3,0,0
2024-03-04 07:05,0,0,48,391,3,1,5,3,0,0
2024-03-04 07:10,0,0,51,404,3,1,5,4,0,0
2024-03-04 07:15,0,0,48,406,3,1,5,3,0,0
2024-03-04 07:20,0,1,50,405,3,1,6,4,0,0
2024-03-04 07:25,0,0,48,427,3,1,6,5,0,0
2024-03-04 07:30,0,0,50,431,3,1,6,5,0,0
2024-03-04 07:35,0,0,55,450,4,1,6,5,0,0
2024-03-04 07:40,0,1,53,435,4,1,6,5,0,0
2024-03-04 07:45,0,1,52,438,4,1,5,5,0,0
2024-03-04 07:50,0,1,50,480,4,1,5,4,0,0
2024-03-04 07:55,0,1,47,474,4,1,5,4,0,0
2024-03-04 08:00,0,0,45,488,4,1,6,4,0,0
2024-03-04 08:05,0,0,41,483,4,1,6,4,0,0
2024-03-04 08:10,0,0,42,466,4,1,6,4,0,0
2024-03-04 08:15,0,0,44,479,4,1,6,4,0,0
2024-03-04 08:20,0,0,42,464,3,1,5,4,0,0
2024-03-04 08:25,0,0,45,452,3,1,5,3,0,0
2024-03-04 08:30,0,0,41,449,3,1,5,3,0,0
2024-03-04 08:35,0,0,38,403,3,1,5,3,0,0
2024-03-04 08:40,0,0,42,424,3,1,5,3,0,0
2024-03-04 08:45,0,0,43,424,3,0,5,3,0,0
2024-03-04 08:50,0,0,43,364,3,1,5,3,0,0
2024-03-04 08:55,0,0,41,359,2,1,6,3,0,0
2024-03-04 09:00,0,0,41,341,2,0,5,3,0,0
2024-03-04 09:05,0,0,42,309,2,1,5,2,0,0
2024-03-04 09:10,0,0,38,310,1,1,6,2,0,0
2024-03-04 09:15,0,0,38,275,2,1,6,2,0,0
2024-03-04 09:20,0,0,34,282,2,1,6,2,0,1
2024-03-04 09:25,0,0,33,259,2,1,6,2,0,0
2024-03-04 09:30,0,0,34,228,2,1,7,2,0,1
2024-03-04 09:35,0,0,32,246,1,1,7,1,0,1
2024-03-04 09:40,0,0,29,205,1,1,7,1,0,1
2024-03-04 09:45,0,0,28,192,1,1,7,1,0,1
2024-03-04 09:50,0,0,26,179,1,1,8,1,0,1
2024-03-04 09:55,0,0,28,164,1,1,8,1,0,1
2024-03-04 10:00,0,0,28,163,2,1,8,1,0,2
2024-03-04 10:05,0,0,29,164,2,1,7,1,0,1
2024-03-04 10:10,0,0,28,159,2,1,9,1,0,1
2024-03-04 10:15,0,0,27,152,2,1,9,1,0,1
2024-03-04 10:20,0,0,26,139,3,1,9,1,0,1
2024-03-04 10:25,0,0,28,139,3,1,10,1,0,1
2024-03-04 10:30,0,0,26,142,3,1,10,1,0,1
2024-03-04 10:35,0,0,26,126,3,1,11,1,0,1
2024-03-04 10:40,0,0,25,121,3,1,11,1,0,1
2024-03-04 10:45,0,0,23,122,3,1,11,1,0,1
2024-03-04 10:50,0,0,23,129,3,1,10,1,0,1
2024-03-04 10:55,0,0,22,128,3,1,10,1,0,1
2024-03-04 11:00,0,0,22,120,2,1,11,1,0,1
2024-03-04 11:05,0,0,21,121,2,1,12,1,0,1
2024-03-04 11:10,0,0,23,116,3,1,10,1,0,1
2024-03-04 11:15,0,0,24,117,3,1,11,1,0,1
2024-03-04 11:20,0,0,25,128,2,1,11,2,0,1
2024-03-04 11:25,0,0,24,122,3,1,10,2,0,1
2024-03-04 11:30,0,0,25,124,3,2,10,2,0,2
2024-03-04 11:35,0,0,27,129,3,2,11,3,0,2
2024-03-04 11:40,0,0,28,127,3,3,11,2,0,2
2024-03-04 11:45,0,0,31,129,3,3,12,3,0,2
2024-03-04 11:50,0,0,32,132,3,3,12,3,0,2
2024-03-04 11:55,0,0,35,129,3,3,13,3,0,3
2024-03-04 12:00,0,0,38,145,3,4,13,3,0,2
2024-03-04 12:05,0,0,38,140,3,4,14,3,0,3
2024-03-04 12:10,0,0,38,141,3,5,17,3,0,2
2024-03-04 12:15,0,0,36,157,3,5,16,3,0,2
2024-03-04 12:20,0,0,35,152,4,5,16,2,0,2
2024-03-04 12:25,0,0,35,150,3,6,17,2,0,2
2024-03-04 12:30,0,0,37,159,3,6,17,2,0,2
2024-03-04 12:35,0,0,42,154,3,6,17,2,0,2
2024-03-04 12:40,0,0,42,172,3,6,17,2,0,2
2024-03-04 12:45,0,0,43,174,3,6,17,2,0,2
2024-03-04 12:50,0,0,41,180,3,7,17,2,0,2
2024-03-04 12:55,0,0,42,191,4,7,16,2,0,2
2024-03-04 13:00,0,0,41,179,4,7,16,2,0,2
2024-03-04 13:05,0,0,44,173,4,7,16,2,0,2
2024-03-04 13:10,0,0,43,182,4,6,12,2,0,2
2024-03-04 13:15,0,0,45,177,4,6,15,2,0,2
2024-03-04 13:20,0,0,50,173,4,7,15,2,0,2
2024-03-04 13:25,0,0,46,175,4,5,15,2,0,2
2024-03-04 13:30,0,0,45,171,4,5,16,2,0,2
2024-03-04 13:35,0,0,40,180,4,5,13,1,0,2
2024-03-04 13:40,0,0,42,167,3,5,13,1,0,2
2024-03-04 13:45,0,0,42,164,4,5,14,1,0,2
2024-03-04 13:50,0,0,43,157,4,4,15,1,0,3
2024-03-04 13:55,0,0,38,145,3,3,15,1,0,3
2024-03-04 14:00,0,0,36,153,3,3,16,1,0,3
2024-03-04 14:05,0,0,34,155,3,3,16,1,0,3
2024-03-04 14:10,0,0,36,156,3,3,17,1,0,3
2024-03-04 14:15,0,0,40,146,3,4,16,1,0,3
2024-03-04 14:20,0,0,37,138,2,3,17,1,0,3
2024-03-04 14:25,0,0,40,140,2,3,15,1,0,3
2024-03-04 14:30,0,0,38,131,2,3,16,1,0,5
2024-03-04 14:35,0,0,34,126,4,3,18,1,0,6
2024-03-04 14:40,0,0,33,123,4,3,19,1,0,6
2024-03-04 14:45,0,0,36,130,4,3,18,1,0,6
2024-03-04 14:50,0,0,36,125,3,4,17,1,0,5
2024-03-04 14:55,0,0,38,122,3,4,18,1,0,5
2024-03-04 15:00,0,0,40,116,4,4,17,1,0,5
2024-03-04 15:05,0,0,42,117,4,3,18,1,0,6
2024-03-04 15:10,0,0,45,110,4,5,18,1,0,6
2024-03-04 15:15,0,0,41,112,4,4,18,1,0,6
2024-03-04 15:20,0,0,41,119,4,4,18,2,0,8
2024-03-04 15:25,0,0,43,119,5,5,19,2,0,7
2024-03-04 15:30,0,0,47,121,5,4,18,2,0,6
2024-03-04 15:35,0,0,48,116,4,5,19,2,0,6
2024-03-04 15:40,0,0,52,122,3,5,18,2,0,5
2024-03-04 15:45,0,0,50,116,5,5,18,2,0,6
2024-03-04 15:50,0,0,50,116,5,5,19,2,0,5
2024-03-04 15:55,0,0,48,120,5,5,18,2,0,6
2024-03-04 16:00,0,0,48,123,5,5,19,2,0,5
2024-03-04 16:05,0,0,49,125,4,5,19,2,0,5
2024-03-04 16:10,0,1,46,124,5,4,18,2,0,7
2024-03-04 16:15,0,1,46,124,6,5,20,2,0,6
2024-03-04 16:20,0,1,49,118,7,5,20,1,0,6
2024-03-04 16:25,0,1,50,124,6,4,22,1,0,7
2024-03-04 16:30,0,2,49,133,7,4,22,1,0,8
2024-03-04 16:35,0,2,49,131,7,5,20,1,0,9
2024-03-04 16:40,0,2,50,128,7,5,22,1,0,8
2024-03-04 16:45,0,1,52,137,6,5,22,1,0,8
2024-03-04 16:50,0,1,52,151,5,4,24,1,0,9
2024-03-04 16:55,0,2,55,158,5,6,22,1,0,9
2024-03-04 17:00,0,2,54,165,5,7,26,1,0,10
2024-03-04 17:05,0,2,54,160,5,6,32,1,0,10
2024-03-04 17:10,0,1,58,162,6,8,35,1,0,10
2024-03-04 17:15,0,1,59,178,6,7,33,1,0,11
2024-03-04 17:20,0,1,61,193,6,7,33,1,0,11
2024-03-04 17:25,0,2,65,198,6,9,33,1,0,10
2024-03-04 17:30,0,2,67,193,6,10,32,1,0,10
2024-03-04 17:35,0,2,68,195,6,9,34,1,0,9
2024-03-04 17:40,0,2,64,207,6,9,33,1,0,10
2024-03-04 17:45,0,2,69,211,6,10,34,1,0,10
2024-03-04 17:50,0,2,74,223,7,10,34,1,0,10
2024-03-04 17:55,0,1,75,233,8,8,36,1,0,10
2024-03-04 18:00,0,1,78,240,8,9,32,3,0,9
2024-03-04 18:05,0,1,75,262,8,9,28,3,0,8
2024-03-04 18:10,0,1,77,275,7,7,24,3,0,7
2024-03-04 18:15,0,1,79,271,7,7,26,3,0,7
2024-03-04 18:20,0,1,76,274,7,8,27,3,0,5
2024-03-04 18:25,0,1,70,287,8,7,26,3,0,5
2024-03-04 18:30,0,1,72,283,7,6,28,2,0,5
2024-03-04 18:35,0,1,83,301,8,6,27,3,0,4
2024-03-04 18:40,0,1,91,298,7,5,28,3,0,5
2024-03-04 18:45,0,1,89,285,7,4,25,3,0,4
2024-03-04 18:50,0,1,93,277,7,5,23,2,0,4
2024-03-04 18:55,0,1,94,256,6,5,21,2,0,4
2024-03-04 19:00,0,1,98,236,6,4,21,1,0,5
2024-03-04 19:05,0,1,100,207,7,4,19,1,0,6
2024-03-04 19:10,0,1,92,187,5,3,20,1,0,6
2024-03-04 19:15,0,1,88,183,6,3,18,1,0,6
2024-03-04 19:20,0,1,93,172,7,2,18,1,0,6
2024-03-04 19:25,0,1,96,164,6,2,17,1,0,7
2024-03-04 19:30,0,1,95,168,6,2,17,2,0,7
2024-03-04 19:35,0,0,86,150,5,2,15,1,0,8
2024-03-04 19:40,0,1,78,137,6,2,13,1,0,7
2024-03-04 19:45,0,1,72,136,5,2,13,1,0,7
2024-03-04 19:50,0,0,62,124,5,1,13,1,0,6
2024-03-04 19:55,0,0,58,124,5,1,12,1,0,6
2024-03-04 20:00,0,0,54,125,5,2,12,1,0,6
2024-03-04 20:05,0,0,52,128,5,1,12,1,0,5
2024-03-04 20:10,0,0,55,130,5,1,12,1,0,5
2024-03-04 20:15,0,0,54,121,4,1,10,0,0,5
2024-03-04 20:20,0,0,49,119,3,1,9,0,0,5
2024-03-04 20:25,0,0,47,98,3,1,9,0,0,4
2024-03-04 20:30,0,0,40,83,3,1,8,0,0,4
2024-03-04 20:35,0,0,38,79,3,1,7,0,0,3
2024-03-04 20:40,0,0,36,78,3,1,7,0,0,3
2024-03-04 20:45,0,0,35,72,2,2,7,0,0,3
2024-03-04 20:50,0,0,38,66,2,2,7,0,0,3
2024-03-04 20:55,0,0,37,63,3,2,7,0,0,3
2024-03-04 21:00,0,0,32,65,2,2,6,0,0,3
2024-03-04 21:05,0,0,32,68,1,2,6,0,0,3
2024-03-04 21:10,0,0,32,67,1,3,6,0,0,2
2024-03-04 21:15,0,0,33,60,1,3,5,0,0,2
2024-03-04 21:20,0,0,29,54,1,3,5,0,0,2
2024-03-04 21:25,0,0,31,51,2,3,4,0,0,1
2024-03-04 21:30,0,0,32,60,2,3,5,0,0,2
2024-03-04 21:35,0,0,31,60,2,3,5,0,0,2
2024-03-04 21:40,0,0,33,59,2,3,5,0,0,2
2024-03-04 21:45,0,0,34,60,2,2,5,0,0,2
2024-03-04 21:50,0,0,31,55,2,2,4,0,0,1
2024-03-04 21:55,0,0,31,55,2,2,4,0,0,2
2024-03-04 22:00,0,0,34,54,2,2,4,0,0,1
2024-03-04 22:05,0,0,34,46,2,2,2,0,0,3
2024-03-04 22:10,0,0,34,43,2,1,2,0,0,3
2024-03-04 22:15,0,0,37,49,2,1,2,0,0,5
2024-03-04 22:20,0,0,37,51,2,1,2,0,0,6
2024-03-04 22:25,0,0,35,48,1,1,2,0,0,6
2024-03-04 22:30,0,0,33,42,1,1,1,0,0,6
2024-03-04 22:35,0,0,32,42,1,1,1,0,0,7
2024-03-04 22:40,0,0,31,40,1,0,1,0,0,6
2024-03-04 22:45,0,0,30,37,1,0,1,0,0,6
2024-03-04 22:50,0,0,29,39,0,0,1,0,0,6
2024-03-04 22:55,0,0,29,37,0,0,1,0,0,6
2024-03-04 23:00,0,0,26,35,0,0,1,0,0,6
2024-03-04 23:05,0,0,23,34,0,0,1,0,0,4
2024-03-04 23:10,0,0,19,34,0,0,0,0,0,4
2024-03-04 23:15,0,0,14,29,0,0,0,0,0,2
2024-03-04 23:20,0,0,14,26,0,0,0,0,0,2
2024-03-04 23:25,0,0,12,26,0,0,0,0,0,2
2024-03-04 23:30,0,0,11,21,0,0,0,0,0,2
2024-03-04 23:35,0,0,10,18,0,0,0,0,0,1
2024-03-04 23:40,0,0,7,15,0,0,0,0,0,1
2024-03-04 23:45,0,0,8,13,0,0,0,0,0,1
2024-03-04 23:50,0,0,6,11,0,0,0,0,0,1
2024-03-04 23:55,0,0,4,10,0,0,0,0,0,1
2024-03-05 00:00,0,0,4,7,0,0,0,0,0,0
2024-03-05 00:05,0,0,3,7,0,0,0,0,0,0
2024-03-05 00:10,0,0,3,5,0,0,0,0,0,0
2024-03-05 00:15,0,0,3,4,0,0,0,0,0,0
2024-03-05 00:20,0,0,2,2,0,0,0,0,0,0
2024-03-05 00:25,0,0,1,2,0,0,0,0,0,0
2024-03-05 00:30,0,0,1,1,0,0,0,0,0,0
2024-03-05 00:35,0,0,1,1,0,0,0,0,0,0
2024-03-05 00:40,0,0,1,1,0,0,0,0,0,0
2024-03-05 00:45,0,0,0,0,0,0,0,0,0,0
2024-03-05 00:50,0,0,0,0,0,0,0,0,0,0
2024-03-05 00:55,0,0,0,0,0,0,0,0,0,0
2024-03-05 05:00,0,0,0,0,0,0,0,0,0,0
2024-03-05 05:05,0,0,0,0,0,0,0,0,0,0
2024-03-05 05:10,0,0,1,2,0,0,0,0,0,0
2024-03-05 05:15,0,0,1,3,0,0,0,0,0,0
2024-03-05 05:20,0,0,3,8,0,0,0,0,0,0
2024-03-05 05:25,0,0,4,18,0,0,0,0,0,0
2024-03-05 05:30,0,0,5,24,0,0,0,0,0,0
2024-03-05 05:35,0,0,8,40,0,0,0,0,0,0
2024-03-05 05:40,0,0,10,44,0,0,0,0,0,0
2024-03-05 05:45,0,0,11,58,0,0,0,0,0,0
2024-03-05 05:50,0,0,16,80,1,0,0,0,0,0
2024-03-05 05:55,0,0,20,90,1,0,0,0,0,0
2024-03-05 06:00,0,0,24,128,1,0,1,0,0,0
2024-03-05 06:05,0,0,26,145,1,0,1,1,0,0
2024-03-05 06:10,0,0,30,171,1,0,1,1,0,0
2024-03-05 06:15,0,0,32,207,1,0,1,1,0,0
2024-03-05 06:20,0,0,37,231,1,0,1,1,0,0
2024-03-05 06:25,0,0,39,240,1,0,2,1,0,0
2024-03-05 06:30,0,0,41,285,1,0,2,1,0,0
2024-03-05 06:35,0,0,42,301,1,0,2,2,0,0
2024-03-05 06:40,0,0,45,358,2,0,3,2,0,1
2024-03-05 06:45,0,0,48,377,2,0,3,3,0,0
2024-03-05 06:50,0,0,50,390,2,0,4,3,0,0
2024-03-05 06:55,0,0,50,402,2,0,4,3,0,0
2024-03-05 07:00,0,0,51,398,2,0,3,4,0,0
2024-03-05 07:05,0,0,51,416,2,0,3,4,0,0
2024-03-05 07:10,0,0,50,454,2,1,3,4,0,1
2024-03-05 07:15,0,0,52,443,3,1,4,5,0,1
2024-03-05 07:20,0,0,50,446,3,1,4,5,0,1
2024-03-05 07:25,0,0,51,486,3,1,4,5,0,1
2024-03-05 07:30,0,0,52,463,3,0,4,5,0,1
2024-03-05 07:35,0,0,53,482,4,0,5,5,0,1
2024-03-05 07:40,0,0,54,456,3,0,5,5,0,1
2024-03-05 07:45,0,0,52,473,3,0,4,5,0,1
2024-03-05 07:50,0,0,47,478,3,0,4,5,0,1
2024-03-05 07:55,0,0,47,496,2,0,4,6,0,1
2024-03-05 08:00,0,0,43,510,2,0,4,5,0,1
2024-03-05 08:05,0,0,46,497,2,0,5,6,0,1
2024-03-05 08:10,0,0,46,455,3,0,5,6,0,1
2024-03-05 08:15,0,0,44,467,2,0,5,4,0,1